{"a":9.223005446972124,"b":2.479974367190003,"c":3.1223966677347006,"d":3.7888497276513937,"e":10.318808074335148,"f":1.7157962191605254,"g":2.524831784684396,"h":2.6946491509131687,"i":5.759371996155078,"j":0.43255366869593076,"k":2.2845241909644343,"l":5.2371034924703626,"m":3.058314642742711,"n":4.573854533803268,"o":6.807113104774111,"p":3.1159884652355014,"q":0.16661326497917336,"r":6.4514578660685675,"s":10.296379365587953,"t":5.137776353732778,"u":3.843319448894585,"v":1.0589554629926305,"w":1.6228772829221403,"x":0.4309516180711311,"y":3.194488945850689,"z":0.6600448574174944}